{
	"info": {
		"_postman_id": "5d68519a-e096-4688-83fb-18eff28dc541",
		"name": "Bank Danych Lokalnych",
		"schema": "https://schema.getpostman.com/json/collection/v2.1.0/collection.json",
		"_exporter_id": "24740213"
	},
	"item": [
		{
			"name": "Lista tematów głównego poziomu",
			"request": {
				"method": "GET",
				"header": [
					{
						"key": "X-ClientId",
						"value": "",
						"type": "text",
						"disabled": true
					}
				],
				"url": {
					"raw": "https://bdl.stat.gov.pl/api/v1/subjects?format=xml",
					"protocol": "https",
					"host": [
						"bdl",
						"stat",
						"gov",
						"pl"
					],
					"path": [
						"api",
						"v1",
						"subjects"
					],
					"query": [
						{
							"key": "format",
							"value": "xml"
						}
					]
				}
			},
			"response": []
		},
		{
			"name": "Temat kultura",
			"request": {
				"method": "GET",
				"header": [
					{
						"key": "X-ClientId",
						"value": "",
						"type": "text",
						"disabled": true
					}
				],
				"url": {
					"raw": "https://bdl.stat.gov.pl/api/v1/subjects?json=xml",
					"protocol": "https",
					"host": [
						"bdl",
						"stat",
						"gov",
						"pl"
					],
					"path": [
						"api",
						"v1",
						"subjects"
					],
					"query": [
						{
							"key": "json",
							"value": "xml"
						},
						{
							"key": "",
							"value": null,
							"disabled": true
						}
					]
				}
			},
			"response": []
		},
		{
			"name": "Temat kina",
			"request": {
				"method": "GET",
				"header": [],
				"url": {
					"raw": "https://bdl.stat.gov.pl/api/v1/subjects?parent-id=K23",
					"protocol": "https",
					"host": [
						"bdl",
						"stat",
						"gov",
						"pl"
					],
					"path": [
						"api",
						"v1",
						"subjects"
					],
					"query": [
						{
							"key": "parent-id",
							"value": "K23"
						}
					]
				}
			},
			"response": []
		},
		{
			"name": "Multipleksy",
			"request": {
				"method": "GET",
				"header": [],
				"url": {
					"raw": "https://bdl.stat.gov.pl/api/v1/subjects?parent-id=G227",
					"protocol": "https",
					"host": [
						"bdl",
						"stat",
						"gov",
						"pl"
					],
					"path": [
						"api",
						"v1",
						"subjects"
					],
					"query": [
						{
							"key": "parent-id",
							"value": "G227"
						}
					]
				}
			},
			"response": []
		},
		{
			"name": "Zmienne Multipleksy",
			"request": {
				"method": "GET",
				"header": [
					{
						"key": "X-ClientId",
						"value": "",
						"type": "text",
						"disabled": true
					}
				],
				"url": {
					"raw": "https://bdl.stat.gov.pl/api/v1/variables?subject-id=P2393",
					"protocol": "https",
					"host": [
						"bdl",
						"stat",
						"gov",
						"pl"
					],
					"path": [
						"api",
						"v1",
						"variables"
					],
					"query": [
						{
							"key": "subject-id",
							"value": "P2393"
						}
					]
				}
			},
			"response": []
		},
		{
			"name": "Widzowie w Multipleksach",
			"request": {
				"method": "GET",
				"header": [],
				"url": {
					"raw": "https://bdl.stat.gov.pl/api/v1/data/by-variable/60272?format=xml&unit-level=3",
					"protocol": "https",
					"host": [
						"bdl",
						"stat",
						"gov",
						"pl"
					],
					"path": [
						"api",
						"v1",
						"data",
						"by-variable",
						"60272"
					],
					"query": [
						{
							"key": "format",
							"value": "xml"
						},
						{
							"key": "unit-level",
							"value": "3"
						}
					]
				}
			},
			"response": []
		},
		{
			"name": "Widzowie w Multipleksach w Polsce 2019-2020",
			"request": {
				"method": "GET",
				"header": [],
				"url": {
					"raw": "https://bdl.stat.gov.pl/api/v1/data/by-variable/60272?format=xml&year=2019&year=2020",
					"protocol": "https",
					"host": [
						"bdl",
						"stat",
						"gov",
						"pl"
					],
					"path": [
						"api",
						"v1",
						"data",
						"by-variable",
						"60272"
					],
					"query": [
						{
							"key": "format",
							"value": "xml"
						},
						{
							"key": "year",
							"value": "2019"
						},
						{
							"key": "year",
							"value": "2020"
						}
					]
				}
			},
			"response": []
		}
	]
}