﻿{
  "Routes": [
    {
      "DownstreamPathTemplate": "/api/weather",
      "DownstreamScheme": "https",
      "DownstreamHostAndPorts": [
        {
          "Host": "localhost",
          "Port": 44349
        }
      ],
      "UpstreamPathTemplate": "/gateway/weather1",
      "UpstreamHttpMethod": [ "GET" ],
      "RateLimitOptions": {
        "ClientWhitelist": [],
        "EnableRateLimiting": true,
        "Period": "10s",
        "PeriodTimespan": 10,
        "Limit": 4
      },
      "FileCacheOptions": {
        "TtlSeconds": 15,
        "Region": "Poland"
      }
    },
    {
      "DownstreamPathTemplate": "/api/weather",
      "DownstreamScheme": "https",
      "DownstreamHostAndPorts": [
        {
          "Host": "localhost",
          "Port": 44336
        }
      ],
      "UpstreamPathTemplate": "/gateway/weather2",
      "UpstreamHttpMethod": [ "GET" ],
      "RateLimitOptions": {
        "ClientWhitelist": [],
        "EnableRateLimiting": true,
        "Period": "10s",
        "PeriodTimespan": 10,
        "Limit": 4
      },
      "FileCacheOptions": {
        "TtlSeconds": 15,
        "Region": "Poland"
      }
    },
    {
      "DownstreamPathTemplate": "/api/weather",
      "DownstreamScheme": "https",
      "DownstreamHostAndPorts": [
        {
          "Host": "localhost",
          "Port": 44349
        },
        {
          "Host": "localhost",
          "Port": 44336
        }
      ],
      "LoadBalancerOptions": {
        "Type": "RoundRobin"
      },
      "UpstreamPathTemplate": "/gateway/weather12",
      "UpstreamHttpMethod": [ "GET" ],
      "FileCacheOptions": {
        "TtlSeconds": 15,
        "Region": "Poland"
      }
    }
  ],
  "GlobalConfiguration": {
    "BaseUrl": "http://localhost:44353"
  }
}