<?xml version="1.0" encoding="utf-8"?>
<!--
- phpMyAdmin XML Dump
- version 5.1.1
- https://www.phpmyadmin.net
-
- Host: 127.0.0.1
- Czas generowania: 26 Paź 2021, 17:48
- Wersja serwera: 10.4.21-MariaDB
- Wersja PHP: 8.0.12
-->

<pma_xml_export version="1.0" xmlns:pma="https://www.phpmyadmin.net/some_doc_url/">
    <!--
    - Structure schemas
    -->
    <pma:structure_schemas>
        <pma:database name="zabytki" collation="utf8mb4_general_ci" charset="utf8mb4">
            <pma:table name="osady">
                CREATE TABLE `osady` (
                  `ID` int(11) NOT NULL AUTO_INCREMENT,
                  `WOJEWODZTWO` varchar(200) CHARACTER SET utf8 NOT NULL,
                  `DOKLADNE` int(11) NOT NULL DEFAULT 0,
                  `PRZYBLOZONE` int(11) NOT NULL DEFAULT 0,
                  `OGOLNE` int(11) NOT NULL DEFAULT 0,
                  `WPISANE_DAWNO` int(11) NOT NULL DEFAULT 0,
                  `WPISANE_NIEDAWNO` int(11) NOT NULL DEFAULT 0,
                  PRIMARY KEY (`ID`)
                ) ENGINE=InnoDB AUTO_INCREMENT=32 DEFAULT CHARSET=utf8mb4;
            </pma:table>
            <pma:procedure name="dokladne">
                CREATE DEFINER=`root`@`localhost` PROCEDURE `dokladne`()
                BEGIN
                -- 1 - Declare Variables and Cursor
                 DECLARE woj TEXT;
                DECLARE numbertemp INT;
                DECLARE done INT DEFAULT FALSE;
                DECLARE db_cursor CURSOR FOR
                SELECT
                A.WOJEWODZTWO, 
                COUNT(*)
                FROM
                 archeologiczne A
                WHERE
                A.FUNKCJA = &quot;grodzisko&quot; AND A.DOKLADNOSC_POLOZENIA =
                &quot;dokładny&quot;
                GROUP BY
                A.WOJEWODZTWO;
                DECLARE CONTINUE HANDLER FOR NOT FOUND SET done = TRUE;
                -- 2 - Open the Cursor
                OPEN db_cursor;
                myloop: LOOP
                -- 3 - Fetch the next record from the cursor
                FETCH db_cursor INTO woj,numbertemp;
                IF done THEN
                 LEAVE myloop;
                END IF;
                -- 4 - Begin the custom business logic
                UPDATE osady O
                SET O.DOKLADNE = numbertemp
                WHERE O.WOJEWODZTWO = woj;
                END LOOP;
                -- 5 - Close the cursor
                CLOSE db_cursor;
                END
            </pma:procedure>
            <pma:procedure name="ogolne">
                CREATE DEFINER=`root`@`localhost` PROCEDURE `ogolne`()
                BEGIN
                -- 1 - Declare Variables and Cursor
                 DECLARE woj TEXT;
                DECLARE numbertemp INT;
                DECLARE done INT DEFAULT FALSE;
                DECLARE db_cursor CURSOR FOR
                SELECT
                A.WOJEWODZTWO, 
                COUNT(*)
                FROM
                 archeologiczne A
                WHERE
                A.FUNKCJA = &quot;osada&quot; AND A.DOKLADNOSC_POLOZENIA =
                &quot;przybliżony&quot;
                GROUP BY
                A.WOJEWODZTWO;
                DECLARE CONTINUE HANDLER FOR NOT FOUND SET done = TRUE;
                -- 2 - Open the Cursor
                OPEN db_cursor;
                myloop: LOOP
                -- 3 - Fetch the next record from the cursor
                FETCH db_cursor INTO woj,numbertemp;
                IF done THEN
                 LEAVE myloop;
                END IF;
                -- 4 - Begin the custom business logic
                UPDATE osady O
                SET O.PRZYBLIZONE = numbertemp
                WHERE O.WOJEWODZTWO = woj;
                END LOOP;
                -- 5 - Close the cursor
                CLOSE db_cursor;
                END
            </pma:procedure>
            <pma:procedure name="przyblirzone">
                CREATE DEFINER=`root`@`localhost` PROCEDURE `przyblirzone`()
                BEGIN
                -- 1 - Declare Variables and Cursor
                 DECLARE woj TEXT;
                DECLARE numbertemp INT;
                DECLARE done INT DEFAULT FALSE;
                DECLARE db_cursor CURSOR FOR
                SELECT
                A.WOJEWODZTWO, 
                COUNT(*)
                FROM
                 archeologiczne A
                WHERE
                A.FUNKCJA = &quot;osada&quot; AND A.DOKLADNOSC_POLOZENIA =
                &quot;przybliżony&quot;
                GROUP BY
                A.WOJEWODZTWO;
                DECLARE CONTINUE HANDLER FOR NOT FOUND SET done = TRUE;
                -- 2 - Open the Cursor
                OPEN db_cursor;
                myloop: LOOP
                -- 3 - Fetch the next record from the cursor
                FETCH db_cursor INTO woj,numbertemp;
                IF done THEN
                 LEAVE myloop;
                END IF;
                -- 4 - Begin the custom business logic
                UPDATE osady O
                SET O.PRZYBLIZONE = numbertemp
                WHERE O.WOJEWODZTWO = woj;
                END LOOP;
                -- 5 - Close the cursor
                CLOSE db_cursor;
                END
            </pma:procedure>
            <pma:procedure name="wpisane_dawno">
                CREATE DEFINER=`root`@`localhost` PROCEDURE `wpisane_dawno`()
                BEGIN
                -- 1 - Declare Variables and Cursor
                 DECLARE woj TEXT;
                DECLARE numbertemp INT;
                DECLARE done INT DEFAULT FALSE;
                DECLARE db_cursor CURSOR FOR
                SELECT
                A.WOJEWODZTWO, 
                COUNT(*)
                FROM
                 archeologiczne A
                WHERE
                YEAR(A.DATA_WPISU) &lt; &quot;2011&quot;
                GROUP BY
                A.WOJEWODZTWO;
                DECLARE CONTINUE HANDLER FOR NOT FOUND SET done = TRUE;
                -- 2 - Open the Cursor
                OPEN db_cursor;
                myloop: LOOP
                -- 3 - Fetch the next record from the cursor
                FETCH db_cursor INTO woj,numbertemp;
                IF done THEN
                 LEAVE myloop;
                END IF;
                -- 4 - Begin the custom business logic
                UPDATE osady O
                SET O.WPISANE_DAWNO = numbertemp
                WHERE O.WOJEWODZTWO = woj;
                END LOOP;
                -- 5 - Close the cursor
                CLOSE db_cursor;
                END
            </pma:procedure>
            <pma:procedure name="wpisane_niedawno">
                CREATE DEFINER=`root`@`localhost` PROCEDURE `wpisane_niedawno`()
                BEGIN
                -- 1 - Declare Variables and Cursor
                 DECLARE woj TEXT;
                DECLARE numbertemp INT;
                DECLARE done INT DEFAULT FALSE;
                DECLARE db_cursor CURSOR FOR
                SELECT
                A.WOJEWODZTWO, 
                COUNT(*)
                FROM
                 archeologiczne A
                WHERE
                YEAR(A.DATA_WPISU) &gt; &quot;2011&quot;
                GROUP BY
                A.WOJEWODZTWO;
                DECLARE CONTINUE HANDLER FOR NOT FOUND SET done = TRUE;
                -- 2 - Open the Cursor
                OPEN db_cursor;
                myloop: LOOP
                -- 3 - Fetch the next record from the cursor
                FETCH db_cursor INTO woj,numbertemp;
                IF done THEN
                 LEAVE myloop;
                END IF;
                -- 4 - Begin the custom business logic
                UPDATE osady O
                SET O.WPISANE_NIEDAWNO = numbertemp
                WHERE O.WOJEWODZTWO = woj;
                END LOOP;
                -- 5 - Close the cursor
                CLOSE db_cursor;
                END
            </pma:procedure>
        </pma:database>
    </pma:structure_schemas>

    <!--
    - Baza danych: 'zabytki'
    -->
    <database name="zabytki">
        <!-- Tabela osady -->
        <table name="osady">
            <column name="ID">1</column>
            <column name="WOJEWODZTWO">dolnośląskie</column>
            <column name="DOKLADNE">0</column>
            <column name="PRZYBLOZONE">0</column>
            <column name="OGOLNE">0</column>
            <column name="WPISANE_DAWNO">0</column>
            <column name="WPISANE_NIEDAWNO">0</column>
        </table>
        <table name="osady">
            <column name="ID">2</column>
            <column name="WOJEWODZTWO">kujawsko-pomorskie</column>
            <column name="DOKLADNE">0</column>
            <column name="PRZYBLOZONE">0</column>
            <column name="OGOLNE">0</column>
            <column name="WPISANE_DAWNO">0</column>
            <column name="WPISANE_NIEDAWNO">0</column>
        </table>
        <table name="osady">
            <column name="ID">3</column>
            <column name="WOJEWODZTWO">lubelskie</column>
            <column name="DOKLADNE">0</column>
            <column name="PRZYBLOZONE">0</column>
            <column name="OGOLNE">0</column>
            <column name="WPISANE_DAWNO">0</column>
            <column name="WPISANE_NIEDAWNO">0</column>
        </table>
        <table name="osady">
            <column name="ID">4</column>
            <column name="WOJEWODZTWO">lubuskie</column>
            <column name="DOKLADNE">0</column>
            <column name="PRZYBLOZONE">0</column>
            <column name="OGOLNE">0</column>
            <column name="WPISANE_DAWNO">0</column>
            <column name="WPISANE_NIEDAWNO">0</column>
        </table>
        <table name="osady">
            <column name="ID">5</column>
            <column name="WOJEWODZTWO">mazowieckie</column>
            <column name="DOKLADNE">0</column>
            <column name="PRZYBLOZONE">0</column>
            <column name="OGOLNE">0</column>
            <column name="WPISANE_DAWNO">0</column>
            <column name="WPISANE_NIEDAWNO">0</column>
        </table>
        <table name="osady">
            <column name="ID">6</column>
            <column name="WOJEWODZTWO">małopolskie</column>
            <column name="DOKLADNE">0</column>
            <column name="PRZYBLOZONE">0</column>
            <column name="OGOLNE">0</column>
            <column name="WPISANE_DAWNO">0</column>
            <column name="WPISANE_NIEDAWNO">0</column>
        </table>
        <table name="osady">
            <column name="ID">7</column>
            <column name="WOJEWODZTWO">opolskie</column>
            <column name="DOKLADNE">0</column>
            <column name="PRZYBLOZONE">0</column>
            <column name="OGOLNE">0</column>
            <column name="WPISANE_DAWNO">0</column>
            <column name="WPISANE_NIEDAWNO">0</column>
        </table>
        <table name="osady">
            <column name="ID">8</column>
            <column name="WOJEWODZTWO">podkarpackie</column>
            <column name="DOKLADNE">0</column>
            <column name="PRZYBLOZONE">0</column>
            <column name="OGOLNE">0</column>
            <column name="WPISANE_DAWNO">0</column>
            <column name="WPISANE_NIEDAWNO">0</column>
        </table>
        <table name="osady">
            <column name="ID">9</column>
            <column name="WOJEWODZTWO">podlaskie</column>
            <column name="DOKLADNE">0</column>
            <column name="PRZYBLOZONE">0</column>
            <column name="OGOLNE">0</column>
            <column name="WPISANE_DAWNO">0</column>
            <column name="WPISANE_NIEDAWNO">0</column>
        </table>
        <table name="osady">
            <column name="ID">10</column>
            <column name="WOJEWODZTWO">pomorskie</column>
            <column name="DOKLADNE">0</column>
            <column name="PRZYBLOZONE">0</column>
            <column name="OGOLNE">0</column>
            <column name="WPISANE_DAWNO">0</column>
            <column name="WPISANE_NIEDAWNO">0</column>
        </table>
        <table name="osady">
            <column name="ID">11</column>
            <column name="WOJEWODZTWO">śląskie</column>
            <column name="DOKLADNE">0</column>
            <column name="PRZYBLOZONE">0</column>
            <column name="OGOLNE">0</column>
            <column name="WPISANE_DAWNO">0</column>
            <column name="WPISANE_NIEDAWNO">0</column>
        </table>
        <table name="osady">
            <column name="ID">12</column>
            <column name="WOJEWODZTWO">świętokrzyskie</column>
            <column name="DOKLADNE">0</column>
            <column name="PRZYBLOZONE">0</column>
            <column name="OGOLNE">0</column>
            <column name="WPISANE_DAWNO">0</column>
            <column name="WPISANE_NIEDAWNO">0</column>
        </table>
        <table name="osady">
            <column name="ID">13</column>
            <column name="WOJEWODZTWO">warmińsko-mazurskie</column>
            <column name="DOKLADNE">0</column>
            <column name="PRZYBLOZONE">0</column>
            <column name="OGOLNE">0</column>
            <column name="WPISANE_DAWNO">0</column>
            <column name="WPISANE_NIEDAWNO">0</column>
        </table>
        <table name="osady">
            <column name="ID">14</column>
            <column name="WOJEWODZTWO">wielkopolskie</column>
            <column name="DOKLADNE">0</column>
            <column name="PRZYBLOZONE">0</column>
            <column name="OGOLNE">0</column>
            <column name="WPISANE_DAWNO">0</column>
            <column name="WPISANE_NIEDAWNO">0</column>
        </table>
        <table name="osady">
            <column name="ID">15</column>
            <column name="WOJEWODZTWO">zachodniopomorskie</column>
            <column name="DOKLADNE">0</column>
            <column name="PRZYBLOZONE">0</column>
            <column name="OGOLNE">0</column>
            <column name="WPISANE_DAWNO">0</column>
            <column name="WPISANE_NIEDAWNO">0</column>
        </table>
        <table name="osady">
            <column name="ID">16</column>
            <column name="WOJEWODZTWO">łódzkie</column>
            <column name="DOKLADNE">0</column>
            <column name="PRZYBLOZONE">0</column>
            <column name="OGOLNE">0</column>
            <column name="WPISANE_DAWNO">0</column>
            <column name="WPISANE_NIEDAWNO">0</column>
        </table>
    </database>
</pma_xml_export>