[
{"type":"header","version":"5.1.1","comment":"Export to JSON plugin for PHPMyAdmin"},
{"type":"database","name":"zabytki"},
{"type":"table","name":"osady","database":"zabytki","data":
[
{"ID":"1","WOJEWODZTWO":"dolnośląskie","DOKLADNE":"0","PRZYBLOZONE":"0","OGOLNE":"0","WPISANE_DAWNO":"0","WPISANE_NIEDAWNO":"0"},
{"ID":"2","WOJEWODZTWO":"kujawsko-pomorskie","DOKLADNE":"0","PRZYBLOZONE":"0","OGOLNE":"0","WPISANE_DAWNO":"0","WPISANE_NIEDAWNO":"0"},
{"ID":"3","WOJEWODZTWO":"lubelskie","DOKLADNE":"0","PRZYBLOZONE":"0","OGOLNE":"0","WPISANE_DAWNO":"0","WPISANE_NIEDAWNO":"0"},
{"ID":"4","WOJEWODZTWO":"lubuskie","DOKLADNE":"0","PRZYBLOZONE":"0","OGOLNE":"0","WPISANE_DAWNO":"0","WPISANE_NIEDAWNO":"0"},
{"ID":"5","WOJEWODZTWO":"mazowieckie","DOKLADNE":"0","PRZYBLOZONE":"0","OGOLNE":"0","WPISANE_DAWNO":"0","WPISANE_NIEDAWNO":"0"},
{"ID":"6","WOJEWODZTWO":"małopolskie","DOKLADNE":"0","PRZYBLOZONE":"0","OGOLNE":"0","WPISANE_DAWNO":"0","WPISANE_NIEDAWNO":"0"},
{"ID":"7","WOJEWODZTWO":"opolskie","DOKLADNE":"0","PRZYBLOZONE":"0","OGOLNE":"0","WPISANE_DAWNO":"0","WPISANE_NIEDAWNO":"0"},
{"ID":"8","WOJEWODZTWO":"podkarpackie","DOKLADNE":"0","PRZYBLOZONE":"0","OGOLNE":"0","WPISANE_DAWNO":"0","WPISANE_NIEDAWNO":"0"},
{"ID":"9","WOJEWODZTWO":"podlaskie","DOKLADNE":"0","PRZYBLOZONE":"0","OGOLNE":"0","WPISANE_DAWNO":"0","WPISANE_NIEDAWNO":"0"},
{"ID":"10","WOJEWODZTWO":"pomorskie","DOKLADNE":"0","PRZYBLOZONE":"0","OGOLNE":"0","WPISANE_DAWNO":"0","WPISANE_NIEDAWNO":"0"},
{"ID":"11","WOJEWODZTWO":"śląskie","DOKLADNE":"0","PRZYBLOZONE":"0","OGOLNE":"0","WPISANE_DAWNO":"0","WPISANE_NIEDAWNO":"0"},
{"ID":"12","WOJEWODZTWO":"świętokrzyskie","DOKLADNE":"0","PRZYBLOZONE":"0","OGOLNE":"0","WPISANE_DAWNO":"0","WPISANE_NIEDAWNO":"0"},
{"ID":"13","WOJEWODZTWO":"warmińsko-mazurskie","DOKLADNE":"0","PRZYBLOZONE":"0","OGOLNE":"0","WPISANE_DAWNO":"0","WPISANE_NIEDAWNO":"0"},
{"ID":"14","WOJEWODZTWO":"wielkopolskie","DOKLADNE":"0","PRZYBLOZONE":"0","OGOLNE":"0","WPISANE_DAWNO":"0","WPISANE_NIEDAWNO":"0"},
{"ID":"15","WOJEWODZTWO":"zachodniopomorskie","DOKLADNE":"0","PRZYBLOZONE":"0","OGOLNE":"0","WPISANE_DAWNO":"0","WPISANE_NIEDAWNO":"0"},
{"ID":"16","WOJEWODZTWO":"łódzkie","DOKLADNE":"0","PRZYBLOZONE":"0","OGOLNE":"0","WPISANE_DAWNO":"0","WPISANE_NIEDAWNO":"0"}
]
}
]
