"ID","WOJEWODZTWO","DOKLADNE","PRZYBLOZONE","OGOLNE","WPISANE_DAWNO","WPISANE_NIEDAWNO"
"1","dolnośląskie","0","0","0","0","0"
"2","kujawsko-pomorskie","0","0","0","0","0"
"3","lubelskie","0","0","0","0","0"
"4","lubuskie","0","0","0","0","0"
"5","mazowieckie","0","0","0","0","0"
"6","małopolskie","0","0","0","0","0"
"7","opolskie","0","0","0","0","0"
"8","podkarpackie","0","0","0","0","0"
"9","podlaskie","0","0","0","0","0"
"10","pomorskie","0","0","0","0","0"
"11","śląskie","0","0","0","0","0"
"12","świętokrzyskie","0","0","0","0","0"
"13","warmińsko-mazurskie","0","0","0","0","0"
"14","wielkopolskie","0","0","0","0","0"
"15","zachodniopomorskie","0","0","0","0","0"
"16","łódzkie","0","0","0","0","0"
